{"cameraMode":{"drawMode":0,"name":"Shaded","section":"Shading Mode"},"sceneLighting":true,"audioPlay":false,"sceneViewState":{"showFog":true,"showMaterialUpdate":false,"showSkybox":true,"showFlares":true,"showImageEffects":true,"showParticleSystems":true},"in2DMode":false,"pivot":{"x":-0.30862054228782656,"y":2.2230758666992189,"z":-6.775568008422852},"rotation":{"x":0.3229159414768219,"y":-0.003961913753300905,"z":0.001353234052658081,"w":0.9464184045791626},"size":14.671357154846192,"orthographic":false}