{"cameraMode":{"drawMode":0,"name":"Shaded","section":"Shading Mode"},"sceneLighting":true,"audioPlay":false,"sceneViewState":{"showFog":false,"showMaterialUpdate":false,"showSkybox":false,"showFlares":false,"showImageEffects":false,"showParticleSystems":true},"in2DMode":false,"pivot":{"x":8.679032325744629,"y":10.239547729492188,"z":14.67835807800293},"rotation":{"x":-0.005221864208579063,"y":0.9654727578163147,"z":0.019403479993343355,"w":0.2597280740737915},"size":18.96909523010254,"orthographic":false}